{
  "msd": null,
  "alpha": NaN,
  "D": NaN,
  "diagnostics": {
    "depth_profile_mean_intensity": [
      0.0022951276041567326,
      -0.002972755115479231,
      -0.0015572116244584322,
      -0.007536251563578844,
      -0.0017354820156469941,
      0.007009446620941162,
      0.004129026550799608,
      0.010863358154892921,
      -0.001658276654779911,
      0.00838153250515461,
      -0.002817438915371895,
      -0.01277138851583004,
      -0.00764830969274044,
      -0.006174610462039709,
      -0.0017596004763618112,
      0.008723766542971134,
      -0.011659861542284489,
      0.005924731958657503,
      -0.0012641894863918424,
      -0.005317030940204859,
      0.010431298986077309,
      0.010312016122043133,
      -0.006395164877176285,
      -0.0017143019940704107,
      -0.0107354037463665,
      0.016378073021769524,
      0.0024502803571522236,
      -0.002664563013240695,
      -0.005898911505937576,
      -0.0009147390956059098,
      0.001842190744355321,
      -0.003952452447265387
    ],
    "bleaching_mean_intensity": [
      -0.007265594322234392,
      -0.004144280217587948,
      -4.263129085302353e-06,
      0.004339430946856737,
      0.01658293791115284,
      0.0004345919005572796,
      -0.005759303458034992,
      -0.0015664175152778625,
      -0.01331484504044056,
      -0.005807813256978989,
      0.01977928727865219,
      -0.004410163499414921,
      0.018052903935313225,
      0.02257419377565384,
      -0.01126067340373993,
      -0.017816385254263878,
      0.0013051324058324099,
      0.012302788905799389,
      0.026872361078858376,
      0.01459631510078907,
      0.016400473192334175,
      -0.013877041637897491,
      0.002038956619799137,
      -0.01120801642537117,
      0.015506632626056671,
      0.017158208414912224,
      0.008220389485359192,
      -0.013612302951514721,
      -0.01407567411661148,
      0.0057652234099805355,
      -0.0036681699566543102,
      -0.016224492341279984,
      -0.015426244586706161,
      -0.012185291387140751,
      -0.00777725363150239,
      -0.0090307192876935,
      0.010485018603503704,
      -0.006267506629228592,
      -0.006837015971541405,
      0.024123849347233772,
      0.003699858672916889,
      -0.017967691645026207,
      0.016544301062822342,
      0.004463881719857454,
      -0.0006555842701345682,
      0.02402033656835556,
      -0.01060418225824833,
      -0.005729346070438623,
      0.004554725717753172,
      0.01516590267419815,
      0.003068203805014491,
      0.017961738631129265,
      0.003491709940135479,
      0.02179430052638054,
      -0.004218071699142456,
      0.02729029208421707,
      -0.025801917538046837,
      0.013495473191142082,
      -0.002475890563800931,
      0.0015486106276512146,
      0.01826680824160576,
      -0.007084217853844166,
      -0.0019807275384664536,
      0.0034562223590910435,
      -0.0318625271320343,
      -0.0023699840530753136,
      -0.012859048321843147,
      -0.016555164009332657,
      -0.0032154563814401627,
      -0.012741117738187313,
      -0.005597143899649382,
      -0.014020070433616638,
      -0.03334086760878563,
      0.018333593383431435,
      -0.020594531670212746,
      -0.002039010636508465,
      -0.0021337172947824,
      0.007916304282844067,
      0.026649707928299904,
      -0.012047035619616508,
      0.006568222306668758,
      -0.003817269578576088,
      0.00622370233759284,
      0.019586581736803055,
      0.0026571552734822035,
      -0.0010773934191092849,
      -0.015817679464817047,
      -0.016453050076961517,
      -0.015143920667469501,
      0.005064178258180618,
      -0.001185354427434504,
      -0.0023971502669155598,
      -0.017323527485132217,
      0.026108674705028534,
      -0.0006230340804904699,
      -0.022760290652513504,
      -0.0026637797709554434,
      0.012322559952735901,
      -0.01454700343310833,
      -0.011821679770946503
    ],
    "crowding": {
      "mean_nn": null,
      "n_points": 0
    }
  }
}