{
  "msd": {
    "taus_s": [
      1,
      2,
      3,
      4,
      5,
      6,
      7,
      8,
      9,
      10,
      11,
      12
    ],
    "values": [
      0.0,
      0.0,
      0.0,
      0.0,
      0.0,
      0.0,
      0.0,
      0.0,
      0.0,
      0.0,
      0.0,
      1519.40107126348
    ]
  },
  "alpha": NaN,
  "D": NaN,
  "diagnostics": {
    "depth_profile_mean_intensity": [
      0.019336581230163574,
      0.0030177016742527485,
      -0.014074576087296009,
      -0.0083320839330554,
      0.0029932274483144283,
      0.005363859236240387,
      -0.013932737521827221,
      0.011265741661190987,
      0.021650835871696472,
      -0.0046069687232375145,
      0.021899212151765823,
      0.0003012441156897694,
      -0.006609641946852207,
      0.019372424110770226,
      -0.006873330567032099,
      0.020517844706773758,
      0.003342647571116686,
      -0.023602966219186783,
      -0.008544130250811577,
      0.00486812274903059,
      0.003207338508218527,
      0.007302420679479837,
      -0.010999414138495922,
      -0.0011528718750923872,
      -0.001649929559789598,
      0.011920394375920296,
      0.023213405162096024,
      -0.03165113180875778,
      -0.012072431854903698,
      0.0023298696614801884,
      -0.014702504500746727,
      -0.02355080284178257
    ],
    "bleaching_mean_intensity": [
      -0.0016823599580675364,
      -0.010451547801494598,
      -0.0030122678726911545,
      0.016780879348516464,
      0.012354832142591476,
      -0.0065419627353549,
      0.004331147763878107,
      -0.011274688877165318,
      0.013495521619915962,
      0.012434076517820358,
      -0.015186477452516556,
      -0.02967022731900215,
      0.017823874950408936,
      -0.018278393894433975,
      0.021151820197701454,
      0.0032886099070310593,
      -0.0027935353573411703,
      0.0007973387837409973,
      0.0030967078637331724,
      -0.006946258246898651
    ],
    "crowding": {
      "mean_nn": null,
      "n_points": 0
    }
  }
}